,153PTB,153PT1,153PT2,153PT3,153PT4,153PT5,153PT6,153PT7,153PT8,153PT9,153PT10,153PT11,153PT12,153PT13,153PT14,153PT15,153PT16,153PT17,153PT18,153LMTB,153LMT1,153LMT2,153LMT3,153LMT4,153LMT5,153LMT6,153LMT7,153LMT8,153LMT9,153LMT10,153LMT11,153LMT12,153LMT13,153LMT14,153LMT15,153LMT16,153LMT17,153LMT18,153LMT19,153LMT20
Plekha5,missense variant,missense variant,missense variant,missense variant,missense variant,missense variant,missense variant,missense variant,missense variant,missense variant,missense variant,,missense variant,missense variant,missense variant,missense variant,missense variant,,missense variant,missense variant,missense variant,missense variant,missense variant,missense variant,missense variant,missense variant,missense variant,missense variant,missense variant,missense variant,missense variant,missense variant,missense variant,,missense variant,missense variant,missense variant,missense variant,missense variant,missense variant
Arhgef11,missense variant,missense variant,missense variant,missense variant,missense variant,,missense variant,missense variant,missense variant,missense variant,,missense variant,missense variant,missense variant,missense variant,missense variant,missense variant,missense variant,missense variant,missense variant,missense variant,missense variant,missense variant,,missense variant,missense variant,missense variant,missense variant,missense variant,missense variant,missense variant,missense variant,missense variant,missense variant,missense variant,,missense variant,missense variant,missense variant,missense variant
Muc4,missense variant,,missense variant,frameshift variant,missense variant,missense variant,missense variant,missense variant,missense variant,missense variant,frameshift variant,missense variant;splice acceptor variant,missense variant,,missense variant,missense variant,missense variant,,missense variant,,missense variant,missense variant,,missense variant,,missense variant,missense variant,frameshift variant,missense variant;splice acceptor variant,missense variant,missense variant;frameshift variant,missense variant;splice acceptor variant,,missense variant,,missense variant;frameshift variant,missense variant,missense variant,missense variant,missense variant
Anxa2,0/0,0/0,,frameshift variant,,frameshift variant,,,frameshift variant,frameshift variant,frameshift variant,frameshift variant,frameshift variant,frameshift variant,frameshift variant,,,frameshift variant,frameshift variant,,,,,frameshift variant,frameshift variant,frameshift variant,,frameshift variant,,frameshift variant,frameshift variant,,frameshift variant,frameshift variant,frameshift variant,frameshift variant,frameshift variant,frameshift variant,frameshift variant,frameshift variant
Cep85l,0/0,0/0,,,missense variant,missense variant,missense variant,missense variant,missense variant,missense variant,missense variant,,missense variant,missense variant,missense variant,,,,,,missense variant,,0/0,,,,missense variant,,missense variant,,missense variant,missense variant,,missense variant,missense variant,missense variant,missense variant,missense variant,missense variant,
Rif1,,frameshift variant,frameshift variant,frameshift variant,frameshift variant,frameshift variant,,frameshift variant,frameshift variant,,frameshift variant,frameshift variant,,,,,,0/0,frameshift variant,,frameshift variant,,0/0,frameshift variant,,frameshift variant,,frameshift variant,,,,frameshift variant,,frameshift variant,frameshift variant,,,,,frameshift variant
Hjurp,,,,missense variant,missense variant,missense variant,missense variant,missense variant,missense variant,missense variant,missense variant,missense variant,,,,,,0/0,,,missense variant,,,,,missense variant,,missense variant,missense variant,,missense variant,,,,,,missense variant,missense variant,missense variant,
Etv5,,splice acceptor variant;splice donor variant,splice acceptor variant;splice donor variant,,splice acceptor variant;splice donor variant,splice acceptor variant;splice donor variant,splice acceptor variant;splice donor variant,splice acceptor variant;splice donor variant,splice acceptor variant;splice donor variant,,,splice acceptor variant;splice donor variant,,,,,,,,,,splice acceptor variant;splice donor variant,,splice acceptor variant;splice donor variant,splice acceptor variant;splice donor variant,splice acceptor variant;splice donor variant,splice acceptor variant;splice donor variant,,splice acceptor variant;splice donor variant,splice acceptor variant;splice donor variant,,,,,,,,,,
Thrap3,,,missense variant,splice acceptor variant,,,missense variant,,0/0,,missense variant,,,missense variant;splice acceptor variant,,,,,missense variant,,missense variant;splice acceptor variant,,,,missense variant,,,,,missense variant,missense variant,,,missense variant,,missense variant,,missense variant,,
Thap1,0/0,,,,missense variant,,,,0/0,missense variant,,missense variant,missense variant,,missense variant,,missense variant,missense variant,,,,missense variant,,,,,,,,,,missense variant;frameshift variant;splice acceptor variant,missense variant,missense variant,,,,missense variant,missense variant,
Rnf7,0/0,,,,,missense variant,missense variant,missense variant,,,,missense variant,,,,,,missense variant,,,,,,missense variant,,missense variant,,missense variant,,,missense variant,,missense variant,,,,missense variant,missense variant,,missense variant
Spred3,0/0,,frameshift variant,frameshift variant,,,,,,frameshift variant,,,,,,,,,,,,,,frameshift variant,frameshift variant,,,,frameshift variant,,frameshift variant,frameshift variant,frameshift variant,frameshift variant,frameshift variant,,,frameshift variant,,frameshift variant
Smc5,0/0,,,,frameshift variant;splice acceptor variant,,,,,,,,,,,frameshift variant;splice acceptor variant,,,,,frameshift variant;splice acceptor variant,,frameshift variant;splice acceptor variant,,frameshift variant;splice acceptor variant,,,frameshift variant;splice acceptor variant,,,frameshift variant;splice acceptor variant,,frameshift variant;splice acceptor variant,,frameshift variant;splice acceptor variant,frameshift variant;splice acceptor variant,,,frameshift variant;splice acceptor variant,frameshift variant;splice acceptor variant
Garem,,,,,,,,,missense variant,,missense variant;splice acceptor variant,,,,,,missense variant,missense variant,,missense variant;splice acceptor variant,missense variant,,,,,missense variant,,missense variant,missense variant;splice acceptor variant,missense variant,,,missense variant,,missense variant,,,,,
Dtwd2,missense variant;inframe deletion,,,,,missense variant;inframe deletion,,,,missense variant;inframe deletion,missense variant;inframe deletion,missense variant;inframe deletion,,,missense variant;inframe deletion,,missense variant,,,missense variant,,,,,,,,,,missense variant;inframe deletion,,,missense variant;inframe deletion,,,missense variant;inframe deletion,,,,missense variant
Usp34,,frameshift variant,,,,frameshift variant,frameshift variant,frameshift variant,,,,frameshift variant,frameshift variant,,0/0,,,,,,,,,frameshift variant,,frameshift variant,,,,,,,,,frameshift variant,frameshift variant,,,frameshift variant,
Pes1,,stop gained,stop gained,stop gained,,,stop gained,,stop gained,,,,,,0/0,,,,,,,,,stop gained,,,,stop gained,stop gained,stop gained,stop gained,,,,,,,,,
Krt13,,missense variant,,,,missense variant,,,,missense variant,,,,,,,,missense variant,,,missense variant,,,,,missense variant,,,missense variant,,,,missense variant,,,,,,,
Hnrnpl,,,frameshift variant,,,,frameshift variant,,frameshift variant,,,,,,,frameshift variant,,,,,frameshift variant,,,,,frameshift variant,,,,,,,,,frameshift variant,,,,,frameshift variant
Others,missense variant;splice acceptor variant,missense variant;frameshift variant;splice acceptor variant,missense variant;frameshift variant;splice acceptor variant,missense variant;frameshift variant;splice acceptor variant,missense variant;splice acceptor variant,missense variant;frameshift variant;splice acceptor variant,missense variant;frameshift variant;splice acceptor variant,missense variant;frameshift variant,missense variant;frameshift variant;splice acceptor variant,missense variant;frameshift variant;splice acceptor variant,missense variant;frameshift variant,missense variant;frameshift variant,missense variant;frameshift variant,missense variant;frameshift variant,missense variant;frameshift variant,missense variant;frameshift variant;splice acceptor variant,missense variant;frameshift variant,missense variant;frameshift variant,missense variant;splice acceptor variant,frameshift variant;splice acceptor variant,missense variant;frameshift variant;splice acceptor variant,missense variant;frameshift variant,inframe deletion;frameshift variant;splice acceptor variant,missense variant;frameshift variant;splice acceptor variant,missense variant;frameshift variant;splice acceptor variant,missense variant;frameshift variant;splice donor variant,missense variant;frameshift variant;splice donor variant;stop gained,missense variant;frameshift variant;splice acceptor variant;stop gained,missense variant;frameshift variant;splice donor variant,missense variant;frameshift variant;splice acceptor variant;stop gained,missense variant;frameshift variant;splice acceptor variant;stop gained,missense variant;frameshift variant;splice donor variant,missense variant;frameshift variant;splice donor variant,missense variant;frameshift variant;splice donor variant,missense variant;frameshift variant;stop gained,missense variant;frameshift variant,missense variant;frameshift variant,missense variant;frameshift variant;splice donor variant,missense variant;frameshift variant;stop gained,missense variant;frameshift variant;stop gained;inframe deletion