,305_Bulk,305_MMG15,305_MMG26,305_MMG27,305_MMG45,305_MMG20,305_MMG22,305_MMG64,305_MMG78,305_MMG79,305_MMG81,305_MMG83,305_MMG92,305_MMG93,305_MMG106,305_MMG109,305_MMG110,305_MMG120,,1050P_Bulk,1050P_MMG5,1050P_MMG15,1050P_MMG16,1050P_MMG21,1050P_MMG29,1050P_MMG32,1050P_MMG35,1050P_MMG36,1050P_MMG37,1050P_MMG41,,476MG_Bulk,476_MMG2,476_MMG3,476_MMG12,476_MMG14,476_MMG17,476_MMG23,476_MMG25,476_MMG32,476_MMG35,,476_PT_Bulk,476_T3,476_T6,476_T7,476_T8,476_T9,476_T19,476_T20,476_T21,476_T22,476_T27,476_T28,476_T30,476_T32,476_T33,476_T38,476_T40,476_T41,476_T42,476_T35,476_T37,,153_PT_Bulk,153_TDH1,153_TDH2,153_TDH4,153_TDH6,153_TDH7,153_TDH9,153_TDH14,153_TDH15,153_TDH19,153_TDH21,153_TDH22,153_TDH23,153_TDH26,153_TDH27,153_TDH28,153_TDH29,153_TDH31,153_TDH32,,153LMT_Bulk,153_LMTDH2,153_LMTDH3,153_LMTDH4,153_LMTDH5,153_LMTDH6,153_LMTDH8,153_LMTDH9,153_LMTDH15,153_LMTDH17,153_LMTDH18,153_LMTDH19,153_LMTDH21,153_LMTDH23,153_LMTDH25,153_LMTDH26,153_LMTDH27,153_LMTDH28,153_LMTDH29,153_LMTDH30,153_LMTDH31
Muc4,,,,,,,,,,,,,,,,,,,,,,missense variant,,missense variant,,,,missense variant,,,,,missense variant,missense variant,missense variant,,,missense variant,missense variant,missense variant,missense variant,,,missense variant,missense variant,missense variant,missense variant,missense variant,,missense variant,missense variant,missense variant,missense variant,missense variant,missense variant,missense variant,missense variant,,missense variant,missense variant,missense variant,,missense variant,,missense variant,missense variant,,missense variant,frameshift variant,missense variant;missense variant,frameshift variant,missense variant,missense variant,missense variant,missense variant,missense variant;splice acceptor variant,missense variant,,missense variant,missense variant,missense variant,,missense variant,,,missense variant,missense variant;splice acceptor variant,missense variant,,missense variant,,missense variant,missense variant,frameshift variant,missense variant;splice acceptor variant,missense variant,missense variant;frameshift variant,,missense variant,,missense variant;frameshift variant,missense variant,missense variant,missense variant,missense variant
Ubap2,,,,,,,,,,,,,,,,,,,,missense variant,splice acceptor variant;splice donor variant,,,,splice acceptor variant;splice donor variant,,,,,,,,,splice acceptor variant;splice donor variant;frameshift variant,splice acceptor variant;splice donor variant;frameshift variant,,,,,splice acceptor variant;splice donor variant;frameshift variant,,,,,,,,splice acceptor variant;splice donor variant;frameshift variant,frameshift variant;splice acceptor variant,,,,,,splice acceptor variant;splice donor variant;frameshift variant,,,,,,,,,,,,frameshift variant;splice acceptor variant,,frameshift variant;splice acceptor variant,,,,,,,,,,,frameshift variant;splice acceptor variant,,,,,,,,,,frameshift variant;splice acceptor variant,,,,,,,,,,,,,,,
Thrap3,frameshift variant,missense variant;frameshift variant,missense variant;frameshift variant;inframe deletion,missense variant;frameshift variant;inframe deletion,missense variant;frameshift variant,missense variant;frameshift variant,,missense variant;frameshift variant,,,,missense variant;frameshift variant,,,,,,,,,frameshift variant;missense variant,,frameshift variant;missense variant,,,,,,,,,,,,,,,,,,,,splice acceptor variant,missense variant,,,,,,missense variant;splice acceptor variant,,,,missense variant,,,,,,missense variant,,missense variant,,,,missense variant,,missense variant,splice acceptor variant,,missense variant,,,missense variant,,,,missense variant;splice acceptor variant,,,,,missense variant,,,splice acceptor variant;missense variant,,,,,missense variant,,,,,missense variant,missense variant,,missense variant,,missense variant,,missense variant,,
Garem,,,,missense variant,,,,,,,,,,,,missense variant,,,,,,,,,,,,,,,,,missense variant,missense variant,missense variant,missense variant,,,,,,,,missense variant,,missense variant,missense variant;frameshift variant;stop gained,frameshift variant;stop gained;splice acceptor variant,,,,,frameshift variant;stop gained,splice acceptor variant,splice acceptor variant,,frameshift variant;stop gained,splice acceptor variant,,,,,splice acceptor variant,,,,,,,,missense variant;splice acceptor variant,,,,missense variant,,,,,,missense variant,missense variant,,,missense variant;splice acceptor variant,missense variant,,,,,,missense variant,,missense variant,missense variant;splice acceptor variant,missense variant,,missense variant,,missense variant,,,,,
Smc5,0/0,missense variant;frameshift variant,,missense variant;frameshift variant,,,,0/0,,,missense variant;frameshift variant,,,missense variant,,,missense variant,,,,,,,,,,,,,,,,,frameshift variant;splice acceptor variant,,,,,frameshift variant;splice acceptor variant,,,,,,,,,,frameshift variant;splice acceptor variant,,,,,,,,,,,,frameshift variant;splice acceptor variant,frameshift variant;splice acceptor variant,,,,,,,,,,frameshift variant;splice acceptor variant,,,,,,,,frameshift variant;splice acceptor variant,,,,,,frameshift variant;splice acceptor variant,,,frameshift variant;splice acceptor variant,,frameshift variant;splice acceptor variant,,,frameshift variant;splice acceptor variant,,,frameshift variant;splice acceptor variant,frameshift variant;splice acceptor variant,,frameshift variant;splice acceptor variant,frameshift variant;splice acceptor variant,,,frameshift variant;splice acceptor variant,frameshift variant;splice acceptor variant
Eif5,0/0,,,,,,,0/0,,,,,,,,,,,,splice donor variant,,,,,,,,,,,,,splice donor variant,,splice donor variant,splice donor variant,splice donor variant,,,,,,,,,,,,,,,,,,,,,,,,,,,,,,splice donor variant,splice donor variant,,,,,splice donor variant,,splice donor variant,,,,,splice donor variant,,,,,,,,,,,,,splice donor variant,,,,,,,,,,,,
Spred3,,,,,,,,,,,,,,,,,0/0,,,,,,,,,,,,,,,,,,,,,,,frameshift variant,,,,,,,frameshift variant,frameshift variant,,,,,,,,,,,,,frameshift variant,,,,,,,frameshift variant,frameshift variant,frameshift variant,,,,,,,,,,,,,,,,,frameshift variant,,,frameshift variant,frameshift variant,,,,frameshift variant,,frameshift variant,frameshift variant,frameshift variant,frameshift variant,,,frameshift variant,,frameshift variant
Atp5j,,,,,,,,,,,,,,,,,0/0,,,,,,,,,,0/0,,,,,,splice acceptor variant,,,,splice acceptor variant,,,,,,,splice acceptor variant,splice acceptor variant,,,,,splice acceptor variant,,,,,,,,,,,,,,,,,splice acceptor variant,splice acceptor variant,,,,,,,,,,,,,,,,,,,,,,,,,,splice acceptor variant,,,,,,,,,,,
Pkd1l2,missense variant,,missense variant,missense variant,missense variant,,,,,,missense variant,missense variant,missense variant,,,,,,,,,,,,,,0/0,,,,,,missense variant,,missense variant,,,,,missense variant,,,missense variant,,,missense variant,,,,,,,,missense variant,missense variant,missense variant,,missense variant,missense variant,missense variant,missense variant,,missense variant,,,,,,,,,,,,,,,,,,,,,,,,,,,,,,,,,,,,,,,,,,
Smad5,missense variant,missense variant,,,,missense variant;stop gained,,,,missense variant,,,missense variant;stop gained,missense variant;stop gained,missense variant,,,,,,,,,,,,,,,,,missense variant,,,,,,,,missense variant,,,missense variant,,,,,missense variant,,,,missense variant,missense variant,missense variant,,,,,missense variant,,,missense variant,,,,,,,,,,,,,,,,,,,,,,,,,,,,,,,,,,,,,,,,,,,
Habp4,missense variant,,,,,,,,,,,,,,,,,,,missense variant,,,,,,,,,,,,missense variant,missense variant,,missense variant,,missense variant,missense variant,,,missense variant,,,,missense variant,,missense variant,missense variant,,missense variant,missense variant,missense variant,missense variant,missense variant,,,,,missense variant,,,,missense variant,,,,,,,,,,,,,,,,,,,,,,,,,,,,,,,,,,,,,,,,,,
Recql,frameshift variant;stop gained,frameshift variant;stop gained,missense variant;frameshift variant,missense variant,frameshift variant;stop gained,missense variant,missense variant,,missense variant;frameshift variant,missense variant;frameshift variant,missense variant,missense variant,,missense variant,frameshift variant;stop gained,frameshift variant;stop gained,,,,,,,,,,,,,,,,,,,,,,,,,,,,,,,,,,,,,,,,,,,,,,,,,,,,,,,,,,,,,,,,,,,,,,,,,,,,,,,,,,,,,,,,,
Pyroxd1,missense variant,missense variant,missense variant,missense variant,missense variant,,missense variant,,missense variant,missense variant,missense variant,missense variant,,missense variant,missense variant,missense variant,,,,,0/0,,,,,,,,,,,,,,,,,,,,,,,,,,,,,,,,,,,,,,,,,,,,,,,,,,,,,,,,,,,,,,,,,,,,,,,,,,,,,,,,,,,,
Pfkp,missense variant,,,missense variant,missense variant,,missense variant,,missense variant,missense variant,missense variant,,,missense variant,missense variant,missense variant,missense variant,,,,0/0,,,,,0/0,,,,,,,,,,,,,,,,,,,,,,,,,,,,,,,,,,,,,,,,,,,,,,,,,,,,,,,,,,,,,,,,,,,,,,,,,,,,,,,
Hmbs,missense variant,,missense variant,missense variant,missense variant,,missense variant,,missense variant,,,missense variant,missense variant,,,missense variant,missense variant,missense variant,,,,,,,,0/0,,,,,,,,,,,,,,,,,,,,,,,,,,,,,,,,,,,,,,,,,,,,,,,,,,,,,,,,,,,,,,,,,,,,,,,,,,,,,,,
Psap,,missense variant,,missense variant,missense variant,,,missense variant,missense variant,,,,missense variant,,,missense variant,,missense variant,,,,,,,,,,,,,,,,,,,,,,,,,,,,,,,,,,,,,,,,,,,,,,,,,,,,,,,,,,,,,,,,,,,,,,,,,,,,,,,,,,,,,,,
Dpys,missense variant,missense variant,,,missense variant,missense variant,,,,,,,,missense variant,missense variant,,missense variant,missense variant,,,,,,,,,,,,,,,,,,,,,,,,,,,,,,,,,,,,,,,,,,,,,,,,,,,,,,,,,,,,,,,,,,,,,,,,,,,,,,,,,,,,,,,
Gadl1,missense variant,missense variant,,,,,missense variant,,missense variant,,,missense variant,missense variant,,,,missense variant,,,,,,,,,,,,,,,,,,,,,,,,,,,,,,,,,,,,,,,,,,,,,,,,,,,,,,,,,,,,,,,,,,,,,,,,,,,,,,,,,,,,,,,,
Qprt,,,,,,,,,,,,,,,,,,,,missense variant,,,missense variant,missense variant,missense variant,missense variant,,,,missense variant,,,,,,,,,,,,,,,,,,,,,,,,,,,,,,,,,,,,,,,,,,,,,,,,,,,,,,,,,,,,,,,,,,,,,,,,,,,
Kcnh8,,,,,,,,,,,,,,,,,,,,missense variant,missense variant,missense variant,,,,,,missense variant,,missense variant,,,,,,,,,,,,,,,,,,,,,,,,,,,,,,,,,,,,,,,,,,,,,,,,,,,,,,,,,,,,,,,,,,,,,,,,,,,
Rpap2,,,,,,,,,,,,,,,,,,,,missense variant,,missense variant,,,,missense variant,missense variant,,,missense variant,,,,,,,,,,,,,,,,,,,,,,,,,,,,,,,,,,,,,,,,,,,,,,,,,,,,,,,,,,,,,,,,,,,,,,,,,,,
Gtpbp6,,,,,,,,,,,,,,,,,,,,missense variant,,missense variant,,,missense variant,missense variant,missense variant,,,,,,,,,,,,,,,,,,,,,,,,,,,,,,,,,,,,,,,,,,,,,,,,,,,,,,,,,,,,,,,,,,,,,,,,,,,,,,
Selplg,,,,,,,,,,,,,,,,,,,,,,,,,,,,,,,,,,,missense variant,,missense variant,missense variant,missense variant,missense variant,,,,,,,,,,missense variant,missense variant,,,,missense variant,,,,missense variant,,,,,,,,,,,,,,,,,,,,,,,,,,,,,,,,,,,,,,,,,,,,,,
Plekha5,,,,,,,,,,,,,,,,,,,,,,,,,,,,,,,,,,,,,,,,,,,,,,,,,,,,,,,,,,,,,,,,,missense variant,missense variant,missense variant,missense variant,missense variant,missense variant,missense variant,missense variant,missense variant,missense variant,missense variant,,missense variant,missense variant,missense variant,missense variant,missense variant,,missense variant,,missense variant,missense variant,missense variant,missense variant,missense variant,missense variant,missense variant,missense variant,missense variant,missense variant,missense variant,missense variant,missense variant,missense variant,,missense variant,missense variant,missense variant,missense variant,missense variant,missense variant
Arhgef11,,,,,,,,,,,,,,,,,,,,,,,,,,,,,,,,,,,,,,,,,,,,,,,,,,,,,,,,,,,,,,,,,missense variant,missense variant,missense variant,missense variant,missense variant,missense variant,,missense variant,,missense variant,missense variant,missense variant,missense variant,missense variant,missense variant,missense variant,missense variant,missense variant,missense variant,,,missense variant,missense variant,missense variant,missense variant,,missense variant,missense variant,missense variant,missense variant,missense variant,missense variant,missense variant,missense variant,missense variant,missense variant,,missense variant,missense variant,missense variant,missense variant
Cep85l,,,,,,,,,,,,,,,,,,,,,,,,,,,,,,,,,,,,,,,,,,,,,,,,,,,,,,,,,,,,,,,,,,missense variant,,,,missense variant,missense variant,missense variant,missense variant,missense variant,missense variant,,missense variant,missense variant,missense variant,,,,,,,missense variant,missense variant,,,,,,missense variant,,missense variant,,missense variant,,missense variant,missense variant,missense variant,missense variant,missense variant,missense variant,
Anxa2,,,,,,,,,,,,,,,,,,,,,,,,,,,,,,,,,,,,,,,,,,,,,,,,,,,,,,,,,,,,,,,,,,,,,frameshift variant,frameshift variant,frameshift variant,,frameshift variant,,frameshift variant,frameshift variant,frameshift variant,frameshift variant,frameshift variant,,,frameshift variant,frameshift variant,,,,,,,frameshift variant,frameshift variant,frameshift variant,,frameshift variant,,frameshift variant,frameshift variant,frameshift variant,frameshift variant,frameshift variant,frameshift variant,frameshift variant,frameshift variant,frameshift variant,frameshift variant
Etv5,,,,,,,,,,,,,,,,,,,,,,,,,,,,,,,,,,,,,,,,,,,,,,,,,,,,,,,,,,,,,,,,,,splice acceptor variant;splice donor variant,splice acceptor variant;splice donor variant,splice acceptor variant;splice donor variant,,,,splice acceptor variant;splice donor variant,splice acceptor variant;splice donor variant,splice acceptor variant;splice donor variant,splice acceptor variant;splice donor variant,splice acceptor variant;splice donor variant,,,,,,,,,,,,splice acceptor variant;splice donor variant,,splice acceptor variant;splice donor variant,splice acceptor variant;splice donor variant,splice acceptor variant;splice donor variant,splice acceptor variant;splice donor variant,,splice acceptor variant;splice donor variant,splice acceptor variant;splice donor variant,,,,,,,,,